pmid,sentece
31986264,Major gaps in our knowledge of the origin, epidemiology, duration of human transmission, and clinical spectrum of disease need fulfilment by future studies.
31995857,We analyzed data on the first 425 confirmed cases in Wuhan to determine the epidemiologic characteristics of NCIP.
31995857,We described characteristics of the cases and estimated the key epidemiologic time-delay distributions.
32020915,Herein, we present on an overview of the currently available information on the pathogenesis, epidemiology, clinical presentation, diagnosis, and treatment of this virus.
32044814,This study aims to investigate its epidemiologic history, and analyze the clinical characteristics, treatment regimens, and prognosis of patients infected with 2019-nCoV during this outbreak.
32062875,<b>Objective:</b> To describe the characteristics of clinical manifestations and epidemiology of children with 2019 novel coronavirus (2019-nCoV) infection. <b>Methods:</b> All 34 children with laboratory-confirmed 2019-nCoV infection by quantitative real-time reverse transcription-PCR through nasopharyngeal swab specimens were admitted to the Third People's Hospital of Shenzhen from January 19 to Febuary 7, 2020.
32065057,We also showed serology test can improve detection positive rate thus should be used in future epidemiology.
32072569,This paper aggregates and consolidates the virology, epidemiology, clinical management strategies from both English and Chinese literature, official news channels, and other official government documents.
32078069,More comprehensive information is required to understand 2019-nCoV feature, the epidemiology of origin and spreading, and the clinical phenomina.
32080991,With the numbers of confirmed cases are increasing, information on the epidemiologic investigation and clinical manifestation have been accumulated.
32083985,This review focuses on the etiology, epidemiology, and clinical symptoms of COVID-19, while highlighting the role of chest CT in prevention and disease control. <i>A full translation of this article in Chinese is available.</i>
32084676,Referring to the &quot;Diagnosis and Treatment Scheme for NCP (Trial Version 4 and 5)&quot; and combining the actual practice situation in our hospital with the &quot;Summary of New Coronavirus Files of Shanghai Renji Hospital&quot;, we summarize how to carry out the clinical practice of colorectal surgery under the situation of the prevention and control of the NCP epidemiology, meanwhile under such situation aiming the procedure of diagnose and treatment for emergency patients with colorectal tumor, we share the experiences of the diagnosis of colorectal tumor, the management of patients with colorectal cancer who are scheduled to be admitted for surgery, the protection of wards, the perioperative management.
32092296,The purpose of the present review is to briefly discuss the known epidemiology and the imaging findings of coronavirus syndromes, with a focus on the reported imaging findings of NCIP.
32098422,There are some similarities and differences in the epidemiology and clinical features between these two viruses and diseases that are caused by these viruses.
32105049,In this review, the epidemiology, pathophysiology, and management of the recently discovered COVID-19 are reviewed, with a focus onbest practices and the public health implications.
32105680,Currently the primary epidemiologic risk factors for coronavirus disease 2019 include travel from mainland China (especially Hubei Province) or close contact with infected individuals within 14 days of symptom onset.
32113704,In this review, we highlights the symptoms, epidemiology, transmission, pathogenesis, phylogenetic analysis and future directions to control the spread of this fatal disease.
32118389,Close contact history of epidemiology, nucleic acid detection and chest imaging are important bases for diagnosis.
32125362,To report the initial experience in Singapore with the epidemiologic investigation of this outbreak, clinical features, and management.
32133832,Questions from the readers mainly focused on the article’s results and conclusions were depended on theoretical deduction, but not the field epidemiology data and further researches were needed to prove the current theory.
32133833,Information of clinical manifestations, history of epidemiology, lab tests and chest CT scan images of visiting patients from February 13 to February 28 were collected.
32138266,These natural and social factors influenced the general progression and trajectory of the SARS epidemiology.
32138488,There are significant knowledge gaps in the epidemiology, transmission dynamics, investigation tools and management.
32141569,COVID-19 is similar to Severe Acute Respiratory Syndrome coronavirus (SARS-CoV) virus in its pathogenicity, clinical spectrum, and epidemiology.
32145185,This Seminar provides an update on the current knowledge and perspectives on MERS epidemiology, virology, mode of transmission, pathogenesis, diagnosis, clinical features, management, infection control, development of new therapeutics and vaccines, and highlights unanswered questions and priorities for research, improved management, and prevention.
32145718,The <i>'Healing the Schism: Epidemiology, Medicine, and the Public's Health'</i> by professor Kerr L.
32150748,There is limited support for many of its key epidemiologic features, including the incubation period for clinical disease (coronavirus disease 2019 [COVID-19]), which has important implications for surveillance and control activities.
32161092,In this Review, we summarize current information about the emergence, origin, diversity, and epidemiology of three pathogenic coronaviruses with a specific focus on the current outbreak in Wuhan, China.
32168465,To determine the epidemiology of 2019 novel coronavirus disease (COVID-19) in a remote region of China, far from Wuhan, we analyzed the epidemiology of COVID-19 in Gansu Province.
32169119,In this review, we summarized the latest research progress of the epidemiology, pathogenesis, and clinical characteristics of COVID-19, and discussed the current treatment and scientific advancements to combat the epidemic novel coronavirus.
32170865,The purpose of this review is primarily to review the pathogen, clinical features, diagnosis, and treatment of COVID-19, but also to comment briefly on the epidemiology and pathology based on the current evidence.
32171869,Studies on the 2019 novel coronavirus disease (COVID-19) have generally been limited to the description of the epidemiology and initial clinical characteristics.
32171952,This paper aggregates and consolidates the epidemiology, clinical manifestations, diagnosis, treatments and preventions of this new type of coronavirus.
32172228,Some practical indications can hence be identified for minimizing the risk of diagnostic errors, encompassing the improvement of diagnostic accuracy by combining clinical evidence with results of chest computed tomography (CT) and RT-PCR, interpretation of RT-PCR results according to epidemiologic, clinical and radiological factors, recollection and testing of upper (or lower) respiratory specimens in patients with negative RT-PCR test results and high suspicion or probability of infection, dissemination of clear instructions for specimen (especially swab) collection, management and storage, together with refinement of molecular target(s) and thorough compliance with analytical procedures, including quality assurance.
32174069,This report summarizes the epidemiologic features and the snapshots of the outbreak in the Republic of Korea from January 19 and March 2, 2020.
32180175,Their epidemiologic history, chest computed tomography scans, laboratory measurements, and SARS-CoV-2 nucleic acid positivity were evaluated.
32181807,Recent studies have focused initial clinical and Epidemiologic characteristics on the COVID-19, mainly revealing situation in Wuhan, Hubei.
32181807,To reveal more data on the epidemiologic and clinical characteristics of COVID-19 patients outside of Wuhan, in Zhejiang, China.
32183901,In this scoping review, 65 research articles published before 31 January 2020 were analyzed and discussed to better understand the epidemiology, causes, clinical diagnosis, prevention and control of this virus.
32183901,During this early period, published research primarily explored the epidemiology, causes, clinical manifestation and diagnosis, as well as prevention and control of the novel coronavirus.
32187007,Although we still have limited information on the epidemiology of this virus, there have been multiple reports of superspreading events (SSEs), which are associated with both explosive growth early in an outbreak and sustained transmission in later stages.
32190908,Nevertheless, there is limited information about the genomic epidemiology of SARS-CoV-2 circulating in Italy from surveillance studies.
32191623,These include etiological diagnosis, patient monitoring, as well as epidemiologic surveillance.
32192296,Although colorectal surgery is not a front-line subject in the fight against the epidemic, but in this special situation, it is a difficult task to provide the highest quality medical services and ensure the orderly clinical work, on the premise of maximizing the protection for patients and their families, health of medical staff, and the safety of wards and hospitals, We summarize how to carry out the clinical practice of colorectal surgery under the situation of the prevention and control of the COVID-19 epidemiology, including the procedures of diagnose and treatment for emergency patients with colorectal tumor, and share the experiences of the diagnosis of colorectal tumor, the management of patients with colorectal cancer who are scheduled to be admitted for surgery, the protection of wards, the perioperative management.
32193905,Current epidemiologic knowledge suggests that relatively few cases are seen among children, which limits opportunities to address pediatric specific issues on infection control and the children's contribution to viral spread in the community.
32194034,With the novel coronavirus 2019 (2019-nCoV) pandemic spreading quickly in the United States and the world, it is urgent that the rehabilitation community quickly understands the epidemiology of the virus and what we can and must do to face this microbial adversary at the early stages of this likely long global pandemic.
32198834,COVID-19 is novel infectious disease with an evolving understanding of its epidemiology and clinical manifestations.
32201353,Based on the current published evidence, we systematically summarizes the epidemiology, clinical characteristics, diagnosis, treatment and prevention of knowledge surrounding COVID-19.
32205349,There is a growing understanding of SARS-CoV-2 in the virology, epidemiology and clinical management strategies.
32207910,This overview analyzes the best information from the early research, including epidemiologic and demographic features from SARS-CoV-1 and MERS-CoV viruses; lessons learned from the experience of an emergency physician in Northern Italy, where the outbreak has devastated the healthcare system; evidence on transmission and prevention through safe use of PPE; evidence and advice on SARS-CoV-2 testing and co-infection; management options; airway management options; steps for rapid sequence intubation in the ED and managing disaster ventilation; and information on managing pediatric and pregnant patients.
32214083,* Epidemiologic investigation of facility A identified 129 cases of COVID-19 associated with facility A, including 81 of the residents, 34 staff members, and 14 visitors; 23 persons died.
32217506,This viewpoint article aims to highlight the contribution of the Global Health Development (GHD)/Eastern Mediterranean Public Health Network (EMPHNET) and the EMR's Field Epidemiology Training Program (FETPs) to prepare for and respond to the current COVID-19 threat.
32217947,These 8 programmatic recommendations stand on a substantial body of empirical evidence characterizing the epidemiology of perioperative transmission and infection development made possible by support from the Anesthesia Patient Safety Foundation (APSF).
32220177,This review summarizes the ongoing researches regarding etiology, epidemiology, transmission dynamics, treatment, and prevention and control strategies of the coronavirus disease 2019 (COVID-19) caused by severe acute respiratory syndrome coronavirus 2 (SARS-CoV-2), with comparison to severe acute respiratory syndrome coronavirus (SARS-CoV), Middle East respiratory syndrome coronavirus (MERS-CoV) and pandemic H1N1 virus.
32226288,Due to the homology in epidemiology, genomics, and pathogenesis of the SARS-CoV-2 and SARS-CoV, and the widely use of TCM in the treatment of SARS-CoV, the clinical evidence showing the beneficial effect of TCM in the treatment of patients with SARS coronaviral infections are discussed.
32226289,Epidemiology, genomics, and pathogenesis of the SARS-CoV-2 show high homology with that of SARS-CoV.
32226295,We will cover the basics about the epidemiology, etiology, virology, diagnosis, treatment, prognosis, and prevention of the disease.
32228809,We report epidemiologic, laboratory, and clinical findings for 7 patients with 2019 novel coronavirus disease in a 2-family cluster.
32229157,Hopefully, cumulative data using whole-genome sequencing of the SARS-CoV-2 genome in parallel with mathematical modeling will help the molecular biologists to understand unknown features of the pathogenesis and epidemiology of COVID-19.
32230900,Scientific advancements since the pandemic of severe acute respiratory syndrome (SARS) in 2002~2003 and Middle East respiratory syndrome (MERS) in 2012 have accelerated our understanding of the epidemiology and pathogenesis of SARS-CoV-2 and the development of therapeutics to treat viral infection.
32232980,Although information regarding the epidemiology of COVID-19 in children has accumulated, relevant comprehensive reports are lacking.
32233876,We review the symptoms, epidemiology, and testing for this disease.
32234107,This study describes the epidemiologic features of an outbreak of the coronavirus disease (COVID-19) in Tianjin caused by a novel coronavirus and provides the scientific basis for prevention and control measures.
32234451,We provide a review of the differences in terms of pathogenesis, epidemiology and clinical features between COVID-19, SARS and MERS.
32234468,This paper reviews the literature on all available information about the epidemiology, diagnosis, isolation and treatments of COVID-19.
32236624,In the present review, we address current knowledge on coronaviruses from a short history to epidemiology, pathogenesis, clinical manifestation of the disease, as well as treatment and prevention strategies.
32238757,Here, we review the current status of epidemiology, diagnosis, treatment, and vaccine development for COVID-19.
32239446,This would significantly improve global surveillance capacity, particularly in developing regions, and improve basic training in infectious diseases and molecular epidemiology.
32240973,The novel coronavirus disease 2019 (COVID-19) pandemic is an urgent public health crisis, with epidemiologic models predicting severe consequences, including high death rates, if the virus is permitted to run its course without any intervention or response.
32241316,Based on the analysis of the cases of 4 patients, this article finds that early diagnosis requires a combination of epidemiology, clinical manifestations, imaging, and etiology, with particular emphasis on epidemiology history and chest CT manifestations.
32247050,Based on recently published literatures, official documents and selected up-to-date preprint studies, we reviewed the virology and origin, epidemiology, clinical manifestations, pathology and treatment of 2019-nCoV infection, in comparison with severe acute respiratory syndrome coronavirus (SARS-CoV) and middle east respiratory syndrome coronavirus (MERS-CoV) infection.
32247326,Understanding the evolving epidemiology and transmission dynamics of the outbreak beyond Hubei would provide timely information to guide intervention policy.
32250957,Infodemiology, i.e. information epidemiology, uses Web-based data in order to inform public health and policy.
32252338,This article reviews the roles of vitamin D in reducing the risk of respiratory tract infections, knowledge about the epidemiology of influenza and COVID-19, and how vitamin D supplementation might be a useful measure to reduce risk.
32255761,We collected extensive individual case reports across China and estimated key epidemiologic parameters, including the incubation period.
32259119,After detection of the first confirmed cases of COVID-19 in Iran, the National Committee on COVID-19 Epidemiology in Ministry of Health and Medical Education was established.
32259120,After detection of the first confirmed cases of COVID-19 in Iran, the National Committee on COVID-19 Epidemiology in Ministry of Health and Medical Education was established.
32259121,After detection of the first confirmed cases of COVID-19 in Iran, the National Committee on COVID-19 Epidemiology in Ministry of Health and Medical Education was established.
32259126,After detection of the first confirmed cases of COVID-19 in Iran, the National Committee on COVID-19 Epidemiology in Ministry of Health and Medical Education was established.
32259127,After detection of the first confirmed cases of COVID-19 in Iran, the National Committee on COVID-19 Epidemiology in Ministry of Health and Medical Education was established.
32259829,In this review, we summarize the current knowledge about the epidemiology, phylogenesis, homology modeling, and molecular diagnostics of SARS-CoV-2.
32267220,Validated serologic assays are needed for contact tracing, identifying the viral reservoir, and epidemiologic studies.
32268855,The epidemiology differs from country to country depending not only on the disease, but also on differences in case detection, testing and implemented public health measures.
32271460,68 (37.2%) epidemiology, 49 (26.8%) virology and 26 (14.2%) clinical features.
32271601,In this review, we summarize the epidemiology and characteristics of COVID-19.
32271602,To clarify the early epidemiology and clinical characteristics about COVID-19.
32271602,Epidemiology, demography, clinical, laboratory and chest CTs were collected and analyzed.
32271722,Clinical and epidemiologic findings of all COVID-19 cases in Singapore through March 16 were reviewed to determine whether presymptomatic transmission might have occurred.
32271722,Seven COVID-19 epidemiologic clusters in which presymptomatic transmission likely occurred were identified, and 10 such cases within these clusters accounted for 6.4% of the 157 locally acquired cases.
32271724,At the time the investigation began, testing guidance recommended focusing on persons with clinical findings of lower respiratory illness and travel to an affected area or an epidemiologic link to a laboratory-confirmed COVID-19 case, or on persons hospitalized for severe respiratory disease and no alternative diagnosis (1).
32271724,Sentinel surveillance in outpatient settings and emergency departments, implemented together with hospital-based surveillance, mortality surveillance, and serologic surveys, can provide a robust approach to monitor the epidemiology of COVID-19.
32272173,We also provide a supplemental file containing background information on the biology, epidemiology, and clinical features of all human-infecting coronaviruses, along with a phylogenetic tree of these coronaviruses.
32272262,Most patients (approximately 90%) were classified as common type and with epidemiologic history.
32272262,Clinical performances of patients with COVID-19, mostly with epidemiologic history and typical symptoms, were critical valuable in the diagnosis of the COVID-19.
32272857,This work introduces the basics of virology and epidemiology for tissue engineers, and highlights important developments in the field of tissue engineering relevant to the current pandemic, including <i>in vitro</i> model systems, vaccine technology, and small-molecule drug delivery.
32273156,Thus, the aim of this article is to provide a brief overview of the epidemiology, symptoms, and routes of transmission of this novel infection.
32274617,Here, we briefly review the virus, its structure and evolution, epidemiology and pathogenesis, immunogenicity and immune, and clinical response in older adults, using available knowledge on SARS-CoV-2 and its highly pathogenic relatives MERS-CoV and SARS-CoV-1.
32275259,So, this review aims at understanding the new scenario of SARS-CoV-2 outbreak and compares the epidemiology, clinical presentations, and the genetics of these coronaviruses.
32278065,Here we investigate the epidemiology, clinical presentation, molecular mechanisms, management, and prevention of SARS-CoV-2 associated diarrhea.
32283894,The epidemiology and control in different countries was compared and the differences discussed.
32286766,This review analyzes information from worldwide research and experience on the epidemiology, prevention, and treatment of COVID-19, and offers links to the most reliable and trustworthy resources to help equip healthcare professionals in managing this public health challenge.
32290293,In this article, we present a succinct overview of the epidemiology, clinical features, and molecular characteristics of SARS-CoV-2.
32290644,The objective of this work is to report the initial experience with epidemiologic and clinical features, as well as with the management of COVID-19 patients in India.
32292587,Our study aimed to present an overview of the virus in terms of structure, epidemiology, symptoms, treatment, and prevention.
32292848,We discuss the basic virology, epidemiology, clinical manifestation, multi-organ consequences, and outcomes.
32292911,Prediction, forecast, pandemic, COVID-19, coronavirus, exponential growth curve parameter, heuristic, epidemiology, extrapolation, abductive reasoning, WHO situa- tion report.
32294816,The case reports 2 cases of novel coronavirus pneumonia diagnosed by concurrent bronchoalveolar lavage in our hospital, 1 case had a history of epidemiology, clinical symptoms and high imaging suspicion, but repeated negative throat swabs.
32295188,We performed a narrative review to describe existing literature with regard to Corona Virus Disease 2019 (COVID-19) epidemiology, pathophysiology, diagnosis, management and future perspective.
32295322,<b>Objective:</b> To analyze the epidemiological characteristics and clinical features of the patients with 2019-nCoV infection in Nanyang City, so as to provide evidence for clinical diagnosis and treatment. <b>Methods:</b> The epidemiology, clinical symptoms, atory and radiologic data of 150 patients with 2019-nCoV infection admitted to the designated hospitals in Nanyang City from January 24,2020 to February 16, 2020 were retrospectively analyzed. <b>Results:</b> The 150 patients with 2019 nCov infection consisted of 67 men and 83 women, and the median age was 45±16 years; 69 of them were the first generation case,60 of them were the second generation case, 6 of them were the third generation case,the median incubation period of the first generation case was 5.4±2.2 days, and the second generation case was 6.7±3.1 days, and the first-generation cases are the majority in severe patients (69%) .
32296837,Here we describe the epidemiology of seasonal coronaviruses (sCoVs) and other cocirculating viruses in the West of Scotland, UK.
32297868,We provide several use cases for infection control, home-based diagnosis and screening, empowerment through information, public health surveillance and epidemiology, and leveraging crowd-sourced data.
32298250,Geographic differences in numbers of COVID-19 cases and deaths, cumulative incidence, and changes in incidence likely reflect a combination of jurisdiction-specific epidemiologic and population-level factors, including 1) the timing of COVID-19 introductions; 2) population density; 3) age distribution and prevalence of underlying medical conditions among COVID-19 patients (1-3); 4) the timing and extent of community mitigation measures; 5) diagnostic testing capacity; and 6) public health reporting practices.
32298251,Ongoing monitoring of hospitalization rates, clinical characteristics, and outcomes of hospitalized patients will be important to better understand the evolving epidemiology of COVID-19 in the United States and the clinical spectrum of disease, and to help guide planning and prioritization of health care system resources.
32298803,Therefore, prospective neuropsychiatric monitoring of individuals exposed to SARS-CoV-2 at various points in the life course, as well as their neuroimmune status, are needed to fully understand the long-term impact of COVID-19, and to establish a framework for integrating psychoneuroimmunology into epidemiologic studies of pandemics.
32299330,The epidemiology differs from country to country depending not only on the disease, but also on differences in case detection, testing and implemented public health measures.
32301600,In this review, we summarize the latest research progress related to COVID-19 epidemiology and the reported data of pregnant women, and discuss the current evidence of COVID-19 infections during pregnancy and its potential consequences for assisted reproductive treatments.
32304371,Some of these elements are: a) epidemiologic intelligence.
32305884,Studies are rapidly published to share information regarding epidemiology, clinical and diagnostic patterns, and prognosis.
32308494,Most studies to date on COVID-19 have focused on disease etiology and the genomics of 2019-nCoV, with few reports on the epidemiologic and clinical characteristics of infected patients.
32309679,Here we have provided a foundation for cardiovascular and cardio-oncology physicians who are on the frontline providing care to COVID-19 patients, so that they can better understand the emerging cardiovascular epidemiology of COVID-19, as well as the biological rationale for the clinical trials that are ongoing for the treatment of COVID-19 patients.
32309796,We assessed trends in the epidemiology of COVID-19 and studied the outbreak progression across China, assessing delays between symptom onset, seeking care at a hospital or clinic, and reporting, before and after Jan 18, 2020, as awareness of the outbreak increased.
32310621,In this review, we summarize epidemiologic, clinical and diagnostic findings, as well as treatment and prevention options for common circulating and novel CoVs infections in humans with a focus on infections in children.
32311448,Herein, we review the current understanding of the pathogenesis, epidemiology, management and outcomes of patients with COVID-19 who develop venous or arterial thrombosis, and of those with preexisting thrombotic disease who develop COVID-19, or those who need prevention or care for their thrombotic disease during the COVID-19 pandemic.
32311650,We aimed to study the epidemiology, clinical features and short-term outcomes of patients with COVID-19 in Wuhan, China.
32313804,In this review, we discuss the current implications of the changing genomic epidemiology of the Severe Acute Respiratory Syndrome Coronavirus 2 (SARS-CoV-2), etiological agent of the Coronavirus Disease 2019 (COVID-19) and its potential relationship with the change of clinical manifestations in patients with confirmed infection.
32313804,SARS-CoV-2/COVID-19 is changing not only its epidemiology, but also its genomic diversity and clinical manifestations, both aspects coupled, needs to be considered in the study of this ongoing pandemic.
32313824,In this review, we are tried to explore the epidemiology, pathogenesis and current treatment of CoVs infection.
32313885,Here we have provided a foundation for cardiovascular and cardio-oncology physicians who are on the frontline providing care to COVID-19 patients, so that they can better understand the emerging cardiovascular epidemiology of COVID-19, as well as the biological rationale for the clinical trials that are ongoing for the treatment of COVID-19 patients.
32314081,The COVID-19 pandemic has focused attention on issues of epidemiology, public health, and vaccine design.
32314790,In this review, we discuss what is known about the virology, epidemiology, and disease associated with pediatric infection with the common community-acquired human coronaviruses, including species 229E, OC43, NL63, and HKU1, and the coronaviruses responsible for past world-wide epidemics due to severe acute respiratory syndrome and Middle East respiratory syndrome coronavirus.
32315723,Based on the published data, this review systematically discusses the etiology, epidemiology, clinical characteristics, and current intervention measures related to COVID-19 in the hope that it may provide a reference for future studies and aid in the prevention and control of the COVID-19 epidemic.
32320004,The risk of bias for eligible observational studies was assessed according to the Strengthening the Reporting of Observational Studies in Epidemiology reporting guideline.
32320004,The rapid spread of COVID-19 across the globe and the lack of European and US data on pediatric patients require further epidemiologic and clinical studies to identify possible preventive and therapeutic strategies.
32321116,This review aims to verify the main epidemiologic, clinical, laboratory-related, and therapeutic aspects of coronavirus disease 2019 (COVID-19) in critically ill pediatric patients.
32322400,Various reports have suggested an <i>in vivo</i> evolution of the virus, which may explain the rapid spread and changing epidemiology of SARS-CoV-2, but further evidence is needed.
32322475,•IoT within infectious disease epidemiology is an emerging field of research, however the ubiquitous availability of smart technologies, as well as increased risks of infectious disease spread through the globalization and interconnectedness of the world necessitates its use for predicting, preventing and controlling emerging infectious diseases•Considering the present situation in China, IoT based smart disease surveillance systems have the potential to be a major breakthrough in efforts to control the current pandemic.
32324209,COVID-19 was confirmed by real-time reverse transcription-polymerase chain reaction and epidemiologic, clinical, radiologic, laboratory, and drug therapy data were analyzed in all patients.
32324359,We also cite the current national epidemiologic regulations of testing for novel coronavirus.
32324359,In addition to the epidemiologic interventions aiming the deceleration of the outbreak, the early identification and the correct hospital treatment remain key issues since these may influence mortality.
32324530,We describe the epidemiology of a coronavirus disease (COVID-19) outbreak in a call center in South Korea.
32324530,We obtained information on demographic characteristics by using standardized epidemiologic investigation forms.
32327901,Hence, rigorous mathematical epidemiology models can be utilized to combat epidemic outbreaks.
32328595,The epidemiology, clinical signs and symptoms, and modes of transmission of COVID-19 are presented.
32329275,All articles were categorized into epidemiology, clinical diagnosis and treatment, basic research, pregnant women and children, mental health, epidemic prevention &amp; control, and others.
32329877,Moreover, the review discusses different aspects of the COVID-19, including its epidemiology; incubation period; the general clinical features of patients; the clinical features of intensive care unit (ICU) patients; SARS-CoV-2 infection in the presence of co-morbid diseases and the clinical features of pediatric patients infected with the SARS-CoV-2.
32331509,According to epidemiologic predictions, the peak of this pandemic has still not been reached, and hospitals everywhere need to ensure readiness to care for more patients than they usually do, and safety for healthcare workers who strive to save lives.
32335628,With the help of Health Emergency Organizing committee, Epidemiology and Disease Control Division, Nepal Army Hospital, Nepal Police Hospital, Waste Management team, Nepal Ambulance service, Tribhuwan Airport and Royal Airlines the government of Nepal planned, organized and successfully brought back all the 175 students on 15 the February, 2019 from Wuhan, China.
32335749,In this rapid commentary, a mini-review is given of the present state-of-knowledge regarding the etiology and epidemiology of the new coronavirus 2019-nCoV and the risks for developing Acute respiratory distress syndrome (ARDS).
32336802,The German Society for Epidemiology has warned that the number of cases could soon overshoot the capacity of the healthcare system.
32336927,This review article summarizes the developing situation surrounding the SARS-CoV-2 pandemic with respect to its epidemiology, unique genomic structure, possible origins, transmission, pathogenesis, comparison with other deadly species of Coronaviruses (CoV) and emerging treatment strategies built on informed literature.
32336957,Iran is one of the top ranked countries in the tables of COVID-19-infected and -mortality cases that make the Iranian patients as the potential targets for diversity of studies including epidemiology, biomedical, biodata, and viral proteins computational modelling studies.
32336957,The results revealed that nsp1 as a virulence factor and crucial agent in spreading of the COVID-19 among the society can be a potential target for the future epidemiology, drug, and vaccine studies.
32336959,While knowledge regarding epidemiologic features and diagnostic tools of coronavirus disease 2019 (COVID-19) is rapidly evolving, uncertainties surrounding various aspects of its optimal management strategies persist.
32337131,However, the unpreparedness of the nations, even with the advanced medical sciences and resources, has failed to address the mental health aspect amongst the public, as all efforts are focused on understanding the epidemiology, clinical features, transmission patterns, and management of COVID-19 pneumonia.
32339231,We utilized confirmed cases outside Hubei Province to analyze epidemiologic characteristics and evaluate the effect of traffic restrictions implemented in Hubei beginning on January 23, 2020.
32339662,This perspective paper reviews the following: current COVID-19 epidemiology, diagnosis, and potential therapies; care considerations unique to HCT recipients; and the concept of a learning network to assimilate emerging guidelines and best practices and to optimize patient outcomes through facilitating shared learning and experience across transplantation centers.
32340833,In this literature review, the causative agent, pathogenesis and immune responses, epidemiology, diagnosis, treatment and management of the disease, control and preventions strategies are all reviewed.
32343514,In the light of lacking evidence for optimal staffing models in a pandemic, we hypothesized that staff shortage can be reduced when staff scheduling takes the epidemiology of a disease epidemic into account.
32343514,Staffing along epidemiologic considerations may reduce HCW shortage by leveling the nadir from affected workforce.
32343939,Interpretation of international epidemiology should be conducted with caution as it differs from country to country depending not only on the disease dynamics, but also on differences in case detection, testing and implemented public health measures.
32345446,Literatures on the epidemiology, clinical characteristics and infection control measures of COVID-19 were reviewed, practical knowledge from first-line otolaryngologists in China, the United States, and Brazil were reviewed and collated.
32347204,Heparinised plasma appeared to reduce the infectivity of the virus challenge dose and may confound interpretation of neutralisation test.ConclusionUsing IgG ELISA based on the RBD of the spike protein to screen sera for SARS-CoV-2 antibody, followed by confirmation using PRNT<sub>90</sub>, is a valid approach for large-scale sero-epidemiology studies.
32347685,The first part focused on the epidemiology until that date.
32347772,Facilitators included existing hospital capacity, the epidemiology of the COVID-19 outbreak, and strong national leadership despite political changes and population sensitization due to the 2015 Middle East respiratory syndrome-related coronavirus (MERS-CoV) epidemic.
32348554,We wish to bring your attention to the PsoPROTECT (Psoriasis Patient Registry for Outcomes, Therapy and Epidemiology of Covid-19 infecTion) and SECURE-AD (Surveillance Epidemiology of Coronavirus Under Research Exclusion-Atopic Dermatitis) registries; two urgent global initiatives that address an unmet need for delineating the determinants of COVID-19 outcomes in the common cutaneous immune-mediated inflammatory diseases (IMIDs) psoriasis and atopic dermatitis.
32349517,Therefore, on the basis of epidemiology and virology information, we reviewed relevant meta-analysis and clinical studies of anti-coronavirus therapeutics by TCM, in the aspect of mortality, symptom improvement, duration and dosage of corticosteroid, incidence of complications and the like.
32349772,This review provides an overview of the knowledge on SARS-CoV-2 epidemiology, transmission, the associated clinical presentation and outcomes in newborns and infants up to 6 months of life.
32350584,This study aimed to describe the epidemiologic characteristics of fracture in the elderly during the COVID-19.
32350632,Robust epidemiologic and biologic studies are urgently needed to better understand the mechanism underlying these associations to develop better therapies.
32350773,While additional studies of COVID-19 epidemiology among MSM are needed, there is already evidence of emerging interruptions to HIV-related services.
32350796,The current global outbreak of COVID-19 represents a major challenge in terms of epidemiology, contagiousness, treatment, as well as clinical and radiological behavior of this disease.
32353347,Our data on cases as well as their infected and uninfected close contacts provide key insights into the epidemiology of SARS-CoV-2.
32355547,Farr's law is a classic epidemiology theory/practice for predicting epidemics.
32355904,Moreover, mask use decreases the effective transmission rate in nearly linear proportion to the product of mask effectiveness (as a fraction of potentially infectious contacts blocked) and coverage rate (as a fraction of the general population), while the impact on epidemiologic outcomes (death, hospitalizations) is highly nonlinear, indicating masks could synergize with other non-pharmaceutical measures.
32357072,Epidemiologic, demographic, clinical, laboratory, treatment, and outcome data were analyzed. <i> <b>Results:</b> </i> The average age of the 28 patients was 68.6 ± 9.0 years.
32357074,We review the rapidly changing epidemiology, pathophysiology, emerging therapy, and clinical outcomes of coronavirus disease 2019; and based on these data and previous experience with artificial cardiopulmonary support strategies, particularly in the setting of infectious diseases, provide consensus recommendations from American Society for Artificial Internal Organs.
32357503,Defining the pathophysiology of death is not only limited to forensic considerations; it may also provide useful clinical and epidemiologic insights.
32358232,We review the rapidly changing epidemiology, pathophysiology, emerging therapy, and clinical outcomes of COVID-19; and based on these data and previous experience with artificial cardiopulmonary support strategies, particularly in the setting of infectious diseases, provide consensus recommendations from ASAIO.
32359210,There are limited published data on the epidemiology and outcomes of COVID-19 infection among organ transplant recipients.
32359424,In order to understand the molecular epidemiology and genetic diversity of SARS-CoV-2 in China, we generated 53 genomes from infected individuals in Guangdong using a combination of metagenomic sequencing and tiling amplicon approaches.
32360053,Body temperature was measured and acquired for each patient, a coronavirus disease 2019 (COVID-19) epidemiologic investigation questionnaire was given to each patient, an endodontic diagnosis was determined for the offending tooth, and a verbal numerical rating scale (VNRS) was used to record pain levels.
32361323,All children had positive epidemiologic histories, 12 (12/16, 75 %) involving family units.
32362270,Interpretation of international epidemiology should be conducted with caution as it differs from country to country depending not only on the disease dynamics, but also on differences in case detection, testing and implemented public health measures.
32362392,The epidemiologic and clinical characteristics of heart transplant (HTx) recipients during the severe acute respiratory syndrome coronavirus 2 (SARS-CoV-2) epidemic remains unclear.
32362424,This narrative literature review aims to gather the main contributions in the area of intensive care to date in relation to the epidemiology, clinic, diagnosis and management of 2019-nCoViD.
32362969,The main aim of this systematic review is to provide a comprehensive clinical summary of all the available data from high-quality research articles relevant to the epidemiology, demographics, trends in hospitalization and outcomes, clinical signs and symptoms, diagnostic methods and treatment methods of COVID-19, thus increasing awareness in health care providers.
32363226,This case is about a 9-year-old child diagnosed with COVID-19, with a history of epidemiology; SARS-CoV-2 nucleic acids testing was positive, while chest CT examination was negative.
32363228,Early epidemiologic studies of viral spread support the hypothesis that COVID-19 can remain latent with an extended and infectious incubation period.
32363492,The epidemiology of emotional disorders is greatly influenced by stressful events.
32364890,Recent epidemiologic, virologic, and modeling reports support the possibility of severe acute respiratory syndrome coronavirus 2 (SARS-CoV-2) transmission from persons who are presymptomatic (SARS-CoV-2 detected before symptom onset) or asymptomatic (SARS-CoV-2 detected but symptoms never develop).
32366488,We collected and analysed data on exposure history, illness timelines, and epidemiologic characteristics of 25 laboratory-confirmed and two highly suspected HCWs as well as ten of their family members with COVID-19 from Jan 5 to Feb 12, 2020.
32366746,This article summarized the understanding of the etiology, pathogenesis, epidemiology, clinical characteristics, diagnosis, treatment, rehabilitation, and prevention and control measures of COVID-19 based on the available data and anti-epidemic experience in China.
32367739,Here we combine a global network mobility model with a local epidemiology model to simulate and predict the outbreak dynamics and outbreak control of COVID-19 across Europe.
32367739,We correlate our mobility model to passenger air travel statistics and calibrate our epidemiology model using the number of reported COVID-19 cases for each country.
32367739,Ultimately, our network epidemiology model can inform political decision making and help identify exit strategies from current travel restrictions and total lockdown.
32367793,To explore the epidemiological characteristics of COVID-19 associated with SARS-Cov-2 in Guizhou province, and to compare the differences in epidemiology with other provinces.
32368570,The present study review is on the general continent, virology, pathogenesis, global epidemiology, clinical presentation, diagnosis, treatment and control of COVID-19 with the reference to India.
32369865,In this paper, endorsed by the International Society for Pharmacoepidemiology, we provide methodological considerations for the conduct of pharmacoepidemiological studies in relation to the pandemic across eight domains: (1) timeliness of evidence, including the need to prioritise some questions over others in the acute phase of the pandemic; (2) the need to align observational and interventional research on efficacy; (3) the specific challenges related to &quot;real-time epidemiology&quot; during an ongoing pandemic; (4) what design to use to answer a specific question; (5) considerations on the definition of exposures; (6) what covariates to collect; (7) considerations on the definition of outcomes; and (8) the need for transparent reporting.
32371231,With the economic and practical limits of medical screening for SARS-CoV-2/COVID-19 coming sharply into focus worldwide, scientists are turning now to wastewater-based epidemiology (WBE) as a potential tool for assessing and managing the pandemic.
32371477,We established the COronavirus Pandemic Epidemiology (COPE) consortium to bring together scientists with expertise in big data research and epidemiology to develop a COVID-19 Symptom Tracker mobile application that we launched in the UK on March 24, 2020 and the US on March 29, 2020 garnering more than 2.8 million users as of May 2, 2020.
32371477,This initiative offers critical proof-of-concept for the repurposing of existing approaches to enable rapidly scalable epidemiologic data collection and analysis which is critical for a data-driven response to this public health challenge.
32371551,We established the COronavirus Pandemic Epidemiology (COPE) consortium to address this unprecedented crisis on behalf of the epidemiology research community.
32371551,As a central component of this initiative, we have developed a COVID-19 Symptom Tracker mobile application as a common data collection tool for epidemiologic cohort studies with active study participants.
32371551,The linkage of symptom data collected in the app with information and biospecimens already collected in epidemiology cohorts will position us to address key questions related to diet, lifestyle, environmental and socioeconomic factors on susceptibility to COVID-19, clinical outcomes related to infection, and long-term physical, mental health, and financial sequalae.
32371551,We call upon additional epidemiology cohorts to join this collective effort to strengthen our impact on the current health crisis and generate a new model for a collaborative and nimble research infrastructure that will lead to more rapid translation of our work for the betterment of public health.
32373998,Meanwhile, we analyzed the epidemiologic and clinical characteristics of COVID-19, in order to provide recommendations for present clinical treatments and inspirations for potential therapy options.
32374000,In this review, we focus on our current understanding of epidemiology, pathogenesis, diagnostics and therapeutics of coronavirus disease 2019 (COVID-19).
32374544,In this narrative review, we summarize available epidemiologic data on venous thromboembolism and recommendations on thromboprophylaxis in COVID-19.
32374903,The prevalence of this form of the virus should also be included in epidemiologic models predicting the COVID-19 health burden and fatality over time in specific regions.
32377559,This manuscript reviews the epidemiology, etiology, mortality, COVID-19 clinical symptoms, and potential therapeutic drugs, while highlighting the seriousness and damage-induced by SARS-CoV-2.
32379077,While in some cases a history of fever and/or respiratory distress (e.g. cough or shortness of breath) may suggest the diagnosis, epidemiologic studies indicate that the majority of individuals infected with COVID-19 develop mild to no symptoms.
32379199,Epidemiology, clinical characteristics, treatment, laboratory data and follow-up information and the treatment of critically ill infant were recorded.
32379502,When used with other estimating approaches, our model and our estimates can help disease and policy modelers to obtain more accurate predictions for the epidemiology of the disease and the impact of alternative policy levers to contain this pandemic.
32379727,DaRRE initiatives support the four of 11 GHSA technical areas that CDC focuses on: surveillance, laboratory capacity, emergency operations, and workforce development.<sup>¶</sup> In 2016, Kenya was selected to pilot DaRRE because of its existing respiratory disease surveillance and laboratory platforms and well-developed Field Epidemiology and Laboratory Training Program (FELTP) (2).
32382748,Consistent epidemiologic evidence of reduced severity of infection in children across different populations and countries suggests there are underlying biologic differences between children and adults that mediate differential disease pathogenesis.
32383254,The micro-neutralization assay is a fundamental test in virology, immunology, vaccine assessment, and epidemiology studies.
32383432,We describe three overlapping epidemiologic waves of spread of COVID-19 linked to three different kinds of structural vulnerabilities.
32385130,We reviewed epidemiologic and clinical data of patients with laboratory-confirmed COVID-19 between January 1, 2020 and March 10, 2020.
32385990,The main subject words were divided into three main categories, namely, CoVs epidemiology, basic research and drug development, in which basic research and drug development were strongly correlated.
32386027,Significant improvement regarding the pathogenesis, epidemiology, and diagnosis and therapy for the COVID-19 has been achieved to stop the spread of the epidemics.
32387778,Therefore, the quantification of SARS-CoV-2 in wastewater affords the ability to monitor the prevalence of infections among the population via wastewater-based epidemiology (WBE).
32388390,Epidemiology, risk factors, and clinical characteristics of patients with COVID-19 have been reported but the factors affecting the immune system against COVID-19 have not been well described.
32389849,In the review, we draw upon the lessons learnt from SARS in the epidemiology, clinical characteristics and pathogenesis for further understand the features of COVID-19.
32390367,Although some information on the epidemiology of severe acute respiratory syndrome coronavirus 2 (SARS-CoV-2) and a few selected cases has been reported, data on the clinical characteristics and outcomes of patients hospitalized therewith in South Korea are lacking.
32391309,In this review, we describe the genomics and morphology of human CoVs, the epidemiology, systemic and ophthalmic manifestations, and mechanisms of human CoV infection, and recommendations for infection control procedures.
32391660,According to the related national rules and the corresponding guidelines of Chinese Medical Association, this paper introduced the etiology about SARS-CoV-2, epidemiology about COVID-19, and the biosafety protection principles of individuals and biological specimen storage places in the process of personal protection, protection of collection, transport, handling, preservation, detection, post-detection disposal and emergencies of biological specimen.
32392337,Few paediatric cases of COVID-19 have been reported and we know little about the epidemiology in children, though more is known about other coronaviruses.
32396550,Initial screening for human respiratory viral pathogens was performed in Hanoi, Vietnam at the National Institute of Hygiene and Epidemiology (NIHE) or the Military Institute of Preventative Medicine (MIPM), and an aliquot was shipped to Duke-NUS Medical School in Singapore for validation.
32397138,In this context, the currently available scientific data hold a high significance to unravel influenza virus epidemiology and evolution.
32397688,To address this global crisis, up-to-date information on viral genomics and transcriptomics is crucial for understanding the origins and global dispersion of the virus, providing insights into viral pathogenicity, transmission, and epidemiology, and enabling strategies for therapeutic interventions, drug discovery, and vaccine development.
32397688,Therefore, this review provides a comprehensive overview of COVID-19 epidemiology, genomic etiology, findings from recent transcriptomic map analysis, viral-human protein interactions, molecular diagnostics, and the current status of vaccine and novel therapeutic intervention development.
32398569,In this review, we summarize the epidemiologic and clinical features of children infected with SARS-CoV-2 reported in pediatric case series to date.
32398954,We summarized epidemiology, virological characteristics, clinical symptoms, diagnostic methods, clinical treatments, and prevention methods for COVID-19 to present a reference for the future wave of probable CoV outbreaks.
32401211,The aim of this study is to apply digital epidemiology to the current COVID-19 pandemic to determine the utility of providing adjunctive epidemiologic information on outbreaks of this disease and evaluate this methodology in the case of future pandemics.
32401211,An epidemiologic time series analysis of online search trends relating to the COVID-19 pandemic was performed from January 9, 2020, to April 6, 2020.
32401211,This study demonstrates the utility of digital epidemiology in providing helpful surveillance data of disease outbreaks like COVID-19.
32402329,The novel coronavirus (CoV) recognises, with high probability, a zoonotic origin but the role of animals in the SARS-CoV-2 epidemiology is still largely unknown.
32404473,Accurate diagnoses of cases is key in managing the pandemic by identification, isolation and treatment of patients and defining the epidemiology of the virus.
32405095,The emergence of the Covid-19 and subsequent pandemic has led to the most substantive large-scale, open, and public social discussion of epidemiology and science in recent history.
32405095,Continued examination of these trends is important for understanding public response to epidemiologic recommendations.
32405152,The objective of this review is to report to orthodontists on the emergence, epidemiology, risks, and precautions during disease crisis.
32406852,The Field Epidemiology Training Program (FETP) is a 2-year training program in applied epidemiology.
32406852,The questionnaire comprised a series of questions pertaining to socio-demographic characteristics, knowledge of the epidemiology of COVID-19, and preparedness to respond to COVID-19.
32406852,The FETP graduates in Jordan, Sudan, and Yemen were fully aware of the epidemiology COVID-19 and the safety measures and they are well positioned to investigate and respond to COVID-19 pandemic.
32407289,It is also recommended to increase and expand resources of intensive care units including respirators, increase the capacity and the number of trained health staff in the area of public health and epidemiology, ensure continued provision of essential public health programs and mobilize the resources of non-governmental sector and donors to provide services for refugees and vulnerable populations.
32407507,Here, we implemented and described an approach to analyze the epidemiology of PDCoV following its emergence in the pig population.
32408679,In the research sector, there have been significant changes, and new research is coming very strongly in the related fields of virology and epidemiology.
32408679,Significant progress is observed in the past research related to virology, epidemiology, infectious diseases among others.
32409547,Genome sequencing is important for understanding local epidemiology.
32410319,We also call for guidelines for management and treatment as well as research to understand the epidemiology of coinfection This article is protected by copyright.
32410517,The epidemiology of suicide has identified numerous psychiatric and occupational risk factors.
32412159,We performed a multicenter nationwide observational study within the Swiss Transplant Cohort Study (STCS) to describe the epidemiology, clinical presentation, treatment and outcomes of the first microbiologically documented SARS-CoV-2 infection among SOT recipients.
32412422,Due to an urgent need for a tool that presents important reports based on valid data sources, a team of government experts and researchers focused on the design and development of a web app intended to provide a regularly updated overview of COVID-19 epidemiology in the Czech Republic to the general population.
32413616,The emergence of mental health (MH) problems during a pandemic is extremely common, though difficult to address due to the complexities of pandemics and the scarcity of evidence about the epidemiology of pandemic-related MH problems and the potential interventions to tackle them.
32413616,The CF was prepared based on the extant literature and the views discussed in this group; it illustrates the epidemiology of MH problems, preparedness plans, stage-specific plans or innovative solutions, opportunities to integrate those plans and possible outcomes at policy level.
32415727,An ad hoc, validated questionnaire has 44 items investigating the following domains: knowledge of COVID-19 related to (a) epidemiology, (b) pathogenesis, (c) clinical symptoms, (d) preventive measures, and (e) attitudes.
32415727,At the multivariate logistic regression, only the knowledge of epidemiology and preventive measures resulted independent predictors of continuation vs discontinuation and modification vs no modification, respectively.
32415915,We discuss possible effects on clinical birth defect diagnoses, routine birth defects surveillance system activities, and epidemiologic considerations, as well as opportunities for mitigating the impact of COVID-19.
32416154,In our guidelines, we describe basic infection precaution principles, an epidemiologic screening tool, prioritization of surgical procedures, and operating room requirements.
32416629,During severe inflammatory coronavirus infectious disease (CoVID-19) pandemic and based on evidence on COVID-19 epidemiology, patients with primary cutaneous lymphomas (PCLs) have risk for developing complicated COVID-19 infections in consideration of their older age (majority above 60) and their potential underlying predisposing conditions (e.g. hypertension, diabetes).<sup>1,2,3</sup> Moreover, PCL patients with aggressive biologic behavior should be carefully monitored according to guidelines for patients with neoplastic disease.
32417555,Sewage Epidemiology or Waste Based Epidemiology (WBE) approach has been successfully used to track and provide early warnings of outbreaks of pathogenic viruses such as Hepatitis A, Poliovirus and Norovirus.
32418508,An error in data processing resulted in the tabulation of incorrect crude case fatality rate values, for age groups of 50-59 and above, in Table 5 (Crude Case Fatality Rate of all cases and hospitalised cases, by age group) as originally published in the COVID-19 (Australia) epidemiology report 14.
32418549,Epidemiology characteristics of patients will be traced based on current information.
32419272,Research priorities include infection control, epidemiology, clinical characterization and management, detection methods (including viral RNA detection, viral antigen detection, and serum antibody detection), therapeutics (neutralizing antibody and small molecule drugs), vaccines, and SARS-CoV-2 pathogenesis.
32419771,In general, the epidemic control measures used so far have been based on adoption of interventions from the classical epidemiology, identifying and isolating the cases, following the contacts and establishing restrictions, including quarantine, closure of educational centers, avoiding events in which crowds of people occur, limiting mobility.
32420674,This review analyses information on progression of the pandemic in the past 3 months and systematically discusses the characteristics of SARS-CoV-2019 virus including its epidemiologic, pathophysiologic, and clinical manifestations.
32420937,The availability of rapid tests for detecting either viral antigens or anti-SARS-CoV-2 antibodies are a potentially viable opportunity for purposes of epidemiologic surveillance, though more information is needed on accuracy and reliability of these portable immunoassays.
32420941,We searched Pubmed, from January to April 2020, for the following search terms: &quot;COVID-19&quot;, &quot;children&quot;, &quot;SARS-COV2&quot;, &quot;complications&quot;, &quot;epidemiology&quot;, &quot;clinical features&quot;, focusing our attention mostly on epidemiology and symptoms of COVID-19 in children.
32422057,If clinical suspicion is high, infection should not be ruled out on the basis of RT-PCR alone, and the clinical and epidemiologic situation should be carefully considered.
32422983,Autopsy should be considered mandatory to define the exact cause of death, thus providing useful clinical and epidemiologic information as well as pathophysiological insights to further provide therapeutic tools.
32423024,COVID-19 is being increasingly investigated through virology, epidemiology, and clinical management strategies.
32425000,Meanwhile, recent research has revealed critical aspects of SARS-CoV-2 biology and disease pathogenesis; other studies have focused on epidemiology, clinical features, diagnosis, management, as well as drug and vaccine development.
32425234,Surveillance Epidemiology of Coronavirus Under Research Exclusion for Inflammatory Bowel Disease (SECURE-IBD) is a large, international registry created to monitor outcomes of IBD patients with confirmed COVID-19.
32425279,This review summarizes the emergence of SeACoV and updates the research progress made from 2017 to early 2020, mainly focusing on the etiology, epidemiology, evolutionary perspective, potential for interspecies transmission, pathogenesis and diagnosis.
32425491,The purpose of this review is to study the most relevant and current information on the pathogen, as well as epidemiology, pathology, clinical features, transmission, prevention, and treatment of the disease.
32425651,Therefore, in this review, we outline the epidemiology, clinical symptoms, diagnosis, treatment, prevention, possible immune response and role of thymus in children to combat the COVID-19 outbreak.
32426529,There were no other statistically significant changes to the epidemiology of trauma activations.
32426529,Overall trauma activations decreased 4.8-fold after the shelter-in-place order went into effect in Santa Clara County on 16 March 2020, with no other effect on the epidemiology of persons presenting after traumatic injury.
32426754,Large areas of uncertainly regarding epidemiology, physiology, practice patterns, and resource demands for patients with coronavirus disease 2019 require rapid collection and dissemination of data.
32426877,Melanoma epidemiology has shown a constant increase in the last few decades even if mortality is low and only a small percentage of patients develop metastatic disease.
32427170,COVID-19 epidemiologic conditions at the time of a natural hazard event might also influence the characteristics of emergency and humanitarian responses (e.g. evacuation and sheltering procedures, resource availability, implementation modalities, and assistance types).
32429774,This disease and its worldwide impact have sparked tremendous interest in the epidemiology, pathogenesis, and clinical consequences of COVID-19.
32431961,As the pandemic evolves, there is an urgent need to better understand its epidemiology, characterize its potential impact, and identify mitigatory strategies to avert pandemic-related mortality.
32433260,A resulting change in pediatric fracture epidemiology is expected.
32434058,The review explicitly covers the aspects like genome and pedigree of SARS-CoV-2; epidemiology, prognosis, pathogenesis, symptoms and diagnosis of COVID-19 in order to catalog the right information on transmission route, and influence of environmental factors on virus transmissions, for the robust understanding of right strategical steps for proper COVID-19 management.
32434211,In this ongoing pandemic, public health concerns and the urgent need for effective therapeutic measures require a deep understanding of its epidemiology, transmissibility and pathogenesis.
32434402,Currently all efforts are focused on the understanding of epidemiology, clinical features, mode of transmission, counteract the spread of the virus, and challenges of global health, while crucially significant mental health has been overlooked in this endeavor.
32438005,Subsequently, a questionnaire with epidemiologic, radiologic, clinical, and serologic criteria will be applied to determine the risk of COVID-19 infection to define to which area they are going to be transferred according to the different risk zones in our facility.
32438622,In epidemiology, herd immunity is presented as an area that could also solve this new global threat.
32438622,In this review, we present the basis of herd immunology, the dynamics of infection transmission that induces specific immunity, and how the application of immunoepidemiology and herd immunology could be used to control the actual COVID-19 pandemic, along with a discussion of its effectiveness, limitations, and applications.
32439651,Correlation of chest CT results with epidemiologic history and clinical presentation, along with real-time reverse transcriptase polymerase chain reaction, is needed for confirmation.
32440887,The European Society for Pediatric and Neonatal Intensive Care (ESPNIC) launched the EPICENTRE (ESPNIC Covid pEdiatric Neonatal Registry) international, multicenter, and multidisciplinary initiative to study the epidemiology, clinical course, and outcomes of pediatric and neonatal SARS-CoV-2 infections.
32440887,EPICENTRE is open to centers all over the world, and this will allow to provide a pragmatic picture of the epidemic, with a particular attention to pediatric and neonatal critical care issues.Conclusions: EPICENTRE will allow researchers to clarify the epidemiology, clinical presentation, and outcomes of pediatric and neonatal SARS-CoV-2 infection, refining its clinical management and hopefully providing new insights for clinicians.What is Known:• COVID19 is the new disease caused by SARS-CoV-2 infection and is spreading around the globe.
32440887,• EPICENTRE will allow to understand epidemiology and physiopathology of COVID19.
32441548,The aim of this study was to analyze the epidemiologic impact of Coronavirus Disease 2019 pandemic on hospital admission for severe emergent cardiovascular diseases (SECDs) in a single Northern Italy large tertiary referral center.
32441574,Since its outbreak in Wuhan, Hubei Province China, 2019-coronavirus infected disease (COVID-19) had been widely spread all over the world, the control of which calls for a better understanding of its epidemiology and clinical characteristics.
32442265,Here, we aimed to further clarify the epidemiologic and clinical characteristics of asymptomatic SARS-CoV-2 infections.
32442528,Data on the epidemiology, clinical course, and outcomes of critically ill patients with COVID-19 in this setting are needed.
32444358,To understand the epidemiology and burden of severe coronavirus disease 2019 (covid-19) during the first epidemic wave on the west coast of the United States.
32446285,Here, we provide an overview of SARS-CoV-2 by analyzing its virology, epidemiology, and modes of transmission while examining the current progress of testing procedures and possible treatments through drugs and vaccines.
32447059,We provided predictions based on COVID-19 epidemiology available in real-time, in 3 phases.
32447059,Second, with better local epidemiology data, we predicted that across five regions of Ontario, there may be insufficient resources to resume all elective outpatient cardiac procedures.
32447742,Moreover, the epidemiology, clinical characteristics, diagnostic procedures, treatments and prevention of the gastrointestinal manifestations of COVID-19 remain to be elucidated.
32447820,Several studies, since then, have tried to study and explain the origin of SARS-CoV-2, its structure and pathogenicity, epidemiology, modes of transmission, spectrum of illness and causes of mortality and morbidity.
32448490,In the present article, we made an attempt to review the behavior of the virus around the world, epidemiology, a pathway for influx into the host cells, clinical presentation, as well as the treatments currently in use and future approaches; nitazoxanide may be our dream drug.
32449614,The aim of this narrative review is to underline gender differences in epidemiology, etiopathogenesis, risk factors, clinical presentation, diagnosis, prognosis and mortality of patients infected with SARS-CoV-2.
32450727,There were no significant differences between the 12 confirmed COVID-19 (SARS-Cov-2-positive) patients and 16 SARS-CoV-2-negative patients in epidemiology and most of the clinical features or laboratory data.
32451162,Relevant publications reporting on the epidemiology of the pandemic, the diagnosis of the severe acute respiratory syndrome coronavirus 2 infection, and the clinical management of cancer and surgical patients, as well as studies concerning health care workers' safety, were included.
32452539,Herein, the COVID-19 structure, epidemiology, pathogenesis, etiology, diagnosis, and therapy have been reviewed.
32452587,Epidemiology of Covid-19 and diffusion patterns of the novel coronavirus (SARS - CoV - 2) are still poorly understood, as they differ substantially among countries and even in neighboring regions within the same country.
32455503,I set out some key findings from basic science, epidemiology, mathematical modelling, case studies, and natural experiments, and use this rich and diverse body of evidence as the backdrop for my rebuttal of their narrowly framed objections.
32458760,Therefore, in this review we collected and summarised the currently available literature on the epidemiology, etiology, vulnerability, preparedness and economic impact of COVID-19 in Africa, which could be useful and provide necessary information on ongoing COVID-19 pandemics in the continent.
32459192,The International Federation of Clinical Chemistry and Laboratory Medicine (IFCC) Task Force on COVID-19 has been established to synthesize up-to-date information on the epidemiology, pathogenesis, and laboratory diagnosis and monitoring of COVID-19, as well as to develop practical recommendations on the use of molecular, serological, and biochemical tests in disease diagnosis and management.
32459790,Epidemiologic data, previous clinical characteristics, support therapy needed, imaging tests, laboratory observations on admission, and pharmacologic therapy.
32460302,As the coronavirus disease 2019 (COVID-19) continues to spread across the globe, the knowledge of its epidemiology, clinical features, and management is rapidly evolving.
32464333,Several studies have demonstrated the advantages of environmental surveillance through the monitoring of sewage for the assessment of viruses circulating in a given community (wastewater-based epidemiology, WBE).
